Workbook

Sheet bitacora nocturno
A1: REGISTRO DIARIO DE INCIDENCIAS
A2: PERIODO ENERO- ABRIL 2026
A3: TURNOS: VESP Y NOCTURNO | D3: =FECHAS!D8 -> 46083 | G3: =FECHAS!G8 -> SEM 9 LIC
A4: ='concentrado nocturno'!A4:A5 -> Aula | B4: ='concentrado nocturno'!B4:B5 -> Gpo. | C4: ='concentrado nocturno'!C4:C5 -> Licenciatura | D4: Op | E4: 16:00 | F4: 17:00 | G4: 18:00 | H4: 19:00 | I4: 20:00 | J4: 21:00
A5: ='concentrado nocturno'!A6 -> CC1 | B5: ='concentrado nocturno'!B6 -> 0 | C5: ='concentrado nocturno'!C6 -> 0 | D5: ='concentrado nocturno'!D6 -> 0 | E5: ='concentrado nocturno'!E6 -> 390 | F5: ='concentrado nocturno'!F6 -> 390 | G5: ='concentrado nocturno'!G6 -> 2387 | H5: ='concentrado nocturno'!H6 -> 2387 | ... J5: ='concentrado nocturno'!J6 -> 0
A6: ='concentrado nocturno'!A7 -> CC2 | B6: ='concentrado nocturno'!B7 -> 0 | C6: ='concentrado nocturno'!C7 -> 0 | D6: ='concentrado nocturno'!D7 -> 0 | E6: ='concentrado nocturno'!E7 -> 0 | F6: ='concentrado nocturno'!F7 -> 0 | G6: ='concentrado nocturno'!G7 -> A161 | H6: ='concentrado nocturno'!H7 -> A161 | ... J6: ='concentrado nocturno'!J7 -> 0
A7: ='concentrado nocturno'!A8 -> CC3 | B7: ='concentrado nocturno'!B8 -> 0 | C7: ='concentrado nocturno'!C8 -> 0 | D7: ='concentrado nocturno'!D8 -> 0 | E7: ='concentrado nocturno'!E8 -> 1228 | F7: ='concentrado nocturno'!F8 -> 1228 | G7: ='concentrado nocturno'!G8 -> 335 | H7: ='concentrado nocturno'!H8 -> 335 | ... J7: ='concentrado nocturno'!J8 -> 0
A8: ='concentrado nocturno'!A9 -> CC4 | B8: ='concentrado nocturno'!B9 -> 0 | C8: ='concentrado nocturno'!C9 -> 0 | D8: ='concentrado nocturno'!D9 -> 0 | E8: ='concentrado nocturno'!E9 -> 0 | F8: ='concentrado nocturno'!F9 -> 0 | G8: ='concentrado nocturno'!G9 -> 436 | H8: ='concentrado nocturno'!H9 -> 0 | ... J8: ='concentrado nocturno'!J9 -> 0
A9: ='concentrado nocturno'!A10 -> CC5 | B9: ='concentrado nocturno'!B10 -> 0 | C9: ='concentrado nocturno'!C10 -> 0 | D9: ='concentrado nocturno'!D10 -> 0 | E9: ='concentrado nocturno'!E10 -> 0 | F9: ='concentrado nocturno'!F10 -> 1035 | G9: ='concentrado nocturno'!G10 -> 1228 | H9: ='concentrado nocturno'!H10 -> 1228 | ... J9: ='concentrado nocturno'!J10 -> 0
A10: ='concentrado nocturno'!A11 -> 1 | B10: ='concentrado nocturno'!B11 -> 421-13/521-14 | C10: ='concentrado nocturno'!C11 -> Psicologia | D10: ='concentrado nocturno'!D11 -> 11DV, 8AN, 5BN | E10: ='concentrado nocturno'!E11 -> 0 | F10: ='concentrado nocturno'!F11 -> 2396 | G10: ='concentrado nocturno'!G11 -> 2396 | H10: ='concentrado nocturno'!H11 -> 1246 | ... J10: ='concentrado nocturno'!J11 -> 0
A11: ='concentrado nocturno'!A12 -> 2 | B11: ='concentrado nocturno'!B12 -> 721-8-821-9 | C11: ='concentrado nocturno'!C12 -> Psicologia | D11: ='concentrado nocturno'!D12 -> 0 | E11: ='concentrado nocturno'!E12 -> 2325 | F11: ='concentrado nocturno'!F12 -> 1456 | G11: ='concentrado nocturno'!G12 -> A121 | H11: ='concentrado nocturno'!H12 -> 2206 | ... J11: ='concentrado nocturno'!J12 -> 0
A12: ='concentrado nocturno'!A13 -> 2 | B12: ='concentrado nocturno'!B13 -> 421-13/521-14 | C12: ='concentrado nocturno'!C13 -> Compu | D12: ='concentrado nocturno'!D13 -> 0 | E12: ='concentrado nocturno'!E13 -> 390 CC | F12: ='concentrado nocturno'!F13 -> 390 CC | G12: ='concentrado nocturno'!G13 -> 436 CC | H12: ='concentrado nocturno'!H13 -> 0 | ... J12: ='concentrado nocturno'!J13 -> 0
A13: ='concentrado nocturno'!A14 -> 3 | B13: ='concentrado nocturno'!B14 -> 221-14 | C13: ='concentrado nocturno'!C14 -> Psicologia | D13: ='concentrado nocturno'!D14 -> 8CN | E13: ='concentrado nocturno'!E14 -> A114 | F13: ='concentrado nocturno'!F14 -> A114 | G13: ='concentrado nocturno'!G14 -> A158 | H13: ='concentrado nocturno'!H14 -> 0 | ... J13: ='concentrado nocturno'!J14 -> 0
A14: ='concentrado nocturno'!A15 -> 3 | B14: ='concentrado nocturno'!B15 -> 1031-13/1131-14 | C14: ='concentrado nocturno'!C15 -> Psicologia | D14: ='concentrado nocturno'!D15 -> 0 | E14: ='concentrado nocturno'!E15 -> 0 | F14: ='concentrado nocturno'!F15 -> 0 | G14: ='concentrado nocturno'!G15 -> 0 | H14: ='concentrado nocturno'!H15 -> 2396 | ... J14: ='concentrado nocturno'!J15 -> 2326
A15: ='concentrado nocturno'!A16 -> 4 | B15: ='concentrado nocturno'!B16 -> 531-14 | C15: ='concentrado nocturno'!C16 -> FINANZAS | D15: ='concentrado nocturno'!D16 -> 0 | E15: ='concentrado nocturno'!E16 -> S 003 | F15: ='concentrado nocturno'!F16 -> S 003 | G15: ='concentrado nocturno'!G16 -> S 003 | H15: ='concentrado nocturno'!H16 -> 2543 | ... J15: ='concentrado nocturno'!J16 -> 1836
A16: ='concentrado nocturno'!A17 -> 4 | B16: ='concentrado nocturno'!B17 -> 821-14 | C16: ='concentrado nocturno'!C17 -> Psicologia | D16: ='concentrado nocturno'!D17 -> 0 | E16: ='concentrado nocturno'!E17 -> 1303 | F16: ='concentrado nocturno'!F17 -> 1303 | G16: ='concentrado nocturno'!G17 -> S 103 | H16: ='concentrado nocturno'!H17 -> 0 | ... J16: ='concentrado nocturno'!J17 -> 0
... A26: ='concentrado nocturno'!A27 -> 104 | B26: ='concentrado nocturno'!B27 -> 521-9 | C26: ='concentrado nocturno'!C27 -> Negocios | D26: ='concentrado nocturno'!D27 -> 8DV | E26: ='concentrado nocturno'!E27 -> A191 | F26: ='concentrado nocturno'!F27 -> A191 | G26: ='concentrado nocturno'!G27 -> 2543 | H26: ='concentrado nocturno'!H27 -> A55 | ... J26: ='concentrado nocturno'!J27 -> 0
A28: =A1 -> REGISTRO DIARIO DE INCIDENCIAS
A29: =A2 -> PERIODO ENERO- ABRIL 2026
A30: =A3 -> TURNOS: VESP Y NOCTURNO | D30: =D3 -> 46083 | G30: =G3 -> SEM 9 LIC
A31: =A4 -> Aula | B31: =B4 -> Gpo. | C31: =C4 -> Licenciatura | D31: =D4 -> Op | E31: =E4 -> 16:00 | F31: =F4 -> 17:00 | G31: =G4 -> 18:00 | H31: =H4 -> 19:00 | ... J31: =J4 -> 21:00
A32: ='concentrado nocturno'!A28 -> 201 | B32: ='concentrado nocturno'!B28 -> 1431-14 | C32: ='concentrado nocturno'!C28 -> Civil | D32: ='concentrado nocturno'!D28 -> 8AV, 5BV | E32: ='concentrado nocturno'!E28 -> 0 | F32: ='concentrado nocturno'!F28 -> 0 | G32: ='concentrado nocturno'!G28 -> 0 | H32: ='concentrado nocturno'!H28 -> A145 | ... J32: ='concentrado nocturno'!J28 -> A261
A33: ='concentrado nocturno'!A29 -> 202 | B33: ='concentrado nocturno'!B29 -> 831-14 | C33: ='concentrado nocturno'!C29 -> Psicologia | D33: ='concentrado nocturno'!D29 -> 0 | E33: ='concentrado nocturno'!E29 -> 0 | F33: ='concentrado nocturno'!F29 -> 0 | G33: ='concentrado nocturno'!G29 -> 0 | H33: ='concentrado nocturno'!H29 -> S 001 | ... J33: ='concentrado nocturno'!J29 -> 1360
A34: ='concentrado nocturno'!A30 -> 203 Sim | B34: ='concentrado nocturno'!B30 -> 0 | C34: ='concentrado nocturno'!C30 -> Compu | D34: ='concentrado nocturno'!D30 -> 0 | E34: ='concentrado nocturno'!E30 -> 0 | F34: ='concentrado nocturno'!F30 -> 0 | G34: ='concentrado nocturno'!G30 -> 0 | H34: ='concentrado nocturno'!H30 -> 1035 | ... J34: ='concentrado nocturno'!J30 -> 0
A35: ='concentrado nocturno'!A31 -> 204 | B35: ='concentrado nocturno'!B31 -> 731-13/831-14 | C35: ='concentrado nocturno'!C31 -> Electro | D35: ='concentrado nocturno'!D31 -> 0 | E35: ='concentrado nocturno'!E31 -> 0 | F35: ='concentrado nocturno'!F31 -> 0 | G35: ='concentrado nocturno'!G31 -> 0 | H35: ='concentrado nocturno'!H31 -> 2310 s302 | ... J35: ='concentrado nocturno'!J31 -> 2310 s302
A36: ='concentrado nocturno'!A32 -> 205 | B36: ='concentrado nocturno'!B32 -> 1121-14 | C36: ='concentrado nocturno'!C32 -> Psicologia | D36: ='concentrado nocturno'!D32 -> 8CV, 2BN | E36: ='concentrado nocturno'!E32 -> 2396 | F36: ='concentrado nocturno'!F32 -> 1769 | G36: ='concentrado nocturno'!G32 -> 2372 | H36: ='concentrado nocturno'!H32 -> 0 | ... J36: ='concentrado nocturno'!J32 -> 0
A37: ='concentrado nocturno'!A33 -> 205 | B37: ='concentrado nocturno'!B33 -> 0 | C37: ='concentrado nocturno'!C33 -> 0 | D37: ='concentrado nocturno'!D33 -> 0 | E37: ='concentrado nocturno'!E33 -> 0 | F37: ='concentrado nocturno'!F33 -> 0 | G37: ='concentrado nocturno'!G33 -> 0 | H37: ='concentrado nocturno'!H33 -> 0 | ... J37: ='concentrado nocturno'!J33 -> 0
A38: ='concentrado nocturno'!A34 -> 206 | B38: ='concentrado nocturno'!B34 -> 231-14 | C38: ='concentrado nocturno'!C34 -> Civil | D38: ='concentrado nocturno'!D34 -> 0 | E38: ='concentrado nocturno'!E34 -> 0 | F38: ='concentrado nocturno'!F34 -> 0 | G38: ='concentrado nocturno'!G34 -> 0 | H38: ='concentrado nocturno'!H34 -> A141 | ... J38: ='concentrado nocturno'!J34 -> 848
A39: ='concentrado nocturno'!A35 -> 207 | B39: ='concentrado nocturno'!B35 -> 231-14 | C39: ='concentrado nocturno'!C35 -> Psicologia | D39: ='concentrado nocturno'!D35 -> 0 | E39: ='concentrado nocturno'!E35 -> 0 | F39: ='concentrado nocturno'!F35 -> 0 | G39: ='concentrado nocturno'!G35 -> 0 | H39: ='concentrado nocturno'!H35 -> 2409 | ... J39: ='concentrado nocturno'!J35 -> 1769
A40: ='concentrado nocturno'!A37 -> 209 | B40: ='concentrado nocturno'!B37 -> 1331-13/1431-14 | C40: ='concentrado nocturno'!C37 -> Industrial | D40: ='concentrado nocturno'!D37 -> 0 | E40: ='concentrado nocturno'!E37 -> 964 | F40: ='concentrado nocturno'!F37 -> 964 | G40: ='concentrado nocturno'!G37 -> 2130 | H40: ='concentrado nocturno'!H37 -> S 218 | ... J40: ='concentrado nocturno'!J37 -> 2182
A41: ='concentrado nocturno'!A36 -> 208 | B41: ='concentrado nocturno'!B36 -> 821-9 | C41: ='concentrado nocturno'!C36 -> Industrial | D41: ='concentrado nocturno'!D36 -> 0 | E41: ='concentrado nocturno'!E36 -> S 209 | F41: ='concentrado nocturno'!F36 -> S 209 | G41: ='concentrado nocturno'!G36 -> S 209 | H41: ='concentrado nocturno'!H36 -> 2130 | ... J41: ='concentrado nocturno'!J36 -> 0
A42: ='concentrado nocturno'!A38 -> 210 | B42: ='concentrado nocturno'!B38 -> 121-13 | C42: ='concentrado nocturno'!C38 -> Psicologia | D42: ='concentrado nocturno'!D38 -> 0 | E42: ='concentrado nocturno'!E38 -> 0 | F42: ='concentrado nocturno'!F38 -> 0 | G42: ='concentrado nocturno'!G38 -> 0 | H42: ='concentrado nocturno'!H38 -> 1581 | ... J42: ='concentrado nocturno'!J38 -> 0
A43: ='concentrado nocturno'!A39 -> 211 | B43: ='concentrado nocturno'!B39 -> 1431-14 | C43: ='concentrado nocturno'!C39 -> FINANZAS | D43: ='concentrado nocturno'!D39 -> 0 | E43: ='concentrado nocturno'!E39 -> 0 | F43: ='concentrado nocturno'!F39 -> 0 | G43: ='concentrado nocturno'!G39 -> 0 | H43: ='concentrado nocturno'!H39 -> A99 | ... J43: ='concentrado nocturno'!J39 -> 1990
A44: ='concentrado nocturno'!A40 -> 211 | B44: ='concentrado nocturno'!B40 -> 1421-14 | C44: ='concentrado nocturno'!C40 -> Psicologia | D44: ='concentrado nocturno'!D40 -> 0 | E44: ='concentrado nocturno'!E40 -> 2372 | F44: ='concentrado nocturno'!F40 -> A121 | G44: ='concentrado nocturno'!G40 -> 1456 | H44: ='concentrado nocturno'!H40 -> 0 | ... J44: ='concentrado nocturno'!J40 -> 0
A45: ='concentrado nocturno'!A41 -> 212 | B45: ='concentrado nocturno'!B41 -> 421-8 | C45: ='concentrado nocturno'!C41 -> Industrial | D45: ='concentrado nocturno'!D41 -> 0 | E45: ='concentrado nocturno'!E41 -> 765 | F45: ='concentrado nocturno'!F41 -> 765 | G45: ='concentrado nocturno'!G41 -> S. 301-A | H45: ='concentrado nocturno'!H41 -> S. 301-A | ... J45: ='concentrado nocturno'!J41 -> 964
A46: ='concentrado nocturno'!A43 -> 213 | B46: ='concentrado nocturno'!B43 -> 521-14 | C46: ='concentrado nocturno'!C43 -> FINANZAS | D46: ='concentrado nocturno'!D43 -> 0 | E46: ='concentrado nocturno'!E43 -> 1228 CC | F46: ='concentrado nocturno'!F43 -> A97 | G46: ='concentrado nocturno'!G43 -> A166 | H46: ='concentrado nocturno'!H43 -> 0 | ... J46: ='concentrado nocturno'!J43 -> 0
A47: ='concentrado nocturno'!A44 -> 214 | B47: ='concentrado nocturno'!B44 -> 0 | C47: ='concentrado nocturno'!C44 -> 0 | D47: ='concentrado nocturno'!D44 -> 0 | E47: ='concentrado nocturno'!E44 -> 0 | F47: ='concentrado nocturno'!F44 -> 0 | G47: ='concentrado nocturno'!G44 -> 0 | H47: ='concentrado nocturno'!H44 -> 0 | ... J47: ='concentrado nocturno'!J44 -> 0
A48: ='concentrado nocturno'!A45 -> 215 | B48: ='concentrado nocturno'!B45 -> 1421-14 | C48: ='concentrado nocturno'!C45 -> Compu | D48: ='concentrado nocturno'!D45 -> 0 | E48: ='concentrado nocturno'!E45 -> 0 | F48: ='concentrado nocturno'!F45 -> 1035 CC | G48: ='concentrado nocturno'!G45 -> A161 CC | H48: ='concentrado nocturno'!H45 -> A161 CC | ... J48: ='concentrado nocturno'!J45 -> 0
A49: ='concentrado nocturno'!A46 -> 216 | B49: ='concentrado nocturno'!B46 -> 821-14 | C49: ='concentrado nocturno'!C46 -> Mecatronica | D49: ='concentrado nocturno'!D46 -> 0 | E49: ='concentrado nocturno'!E46 -> 0 | F49: ='concentrado nocturno'!F46 -> 2387 | G49: ='concentrado nocturno'!G46 -> 1534 | H49: ='concentrado nocturno'!H46 -> S 001 | ... J49: ='concentrado nocturno'!J46 -> 0
A50: ='concentrado nocturno'!A47 -> 217 | B50: ='concentrado nocturno'!B47 -> 0 | C50: ='concentrado nocturno'!C47 -> 0 | D50: ='concentrado nocturno'!D47 -> 0 | E50: ='concentrado nocturno'!E47 -> 0 | F50: ='concentrado nocturno'!F47 -> 0 | G50: ='concentrado nocturno'!G47 -> 0 | H50: ='concentrado nocturno'!H47 -> 0 | ... J50: ='concentrado nocturno'!J47 -> 0
A51: ='concentrado nocturno'!A48 -> 218 | B51: ='concentrado nocturno'!B48 -> 1031-13/1131-14 | C51: ='concentrado nocturno'!C48 -> Industrial | D51: ='concentrado nocturno'!D48 -> 0 | E51: ='concentrado nocturno'!E48 -> 0 | F51: ='concentrado nocturno'!F48 -> 0 | G51: ='concentrado nocturno'!G48 -> 0 | H51: ='concentrado nocturno'!H48 -> 98 sln218 | ... J51: ='concentrado nocturno'!J48 -> A103
A52: ='concentrado nocturno'!A49 -> 219-A | B52: ='concentrado nocturno'!B49 -> 521-9 | C52: ='concentrado nocturno'!C49 -> Mecatronica | D52: ='concentrado nocturno'!D49 -> 0 | E52: ='concentrado nocturno'!E49 -> 1602 sln308 | F52: ='concentrado nocturno'!F49 -> 1602 S308 | G52: ='concentrado nocturno'!G49 -> 2453 S 220 | H52: ='concentrado nocturno'!H49 -> 2040 | ... J52: ='concentrado nocturno'!J49 -> 0
A53: ='concentrado nocturno'!A50 -> 219 | B53: ='concentrado nocturno'!B50 -> 0 | C53: ='concentrado nocturno'!C50 -> 0 | D53: ='concentrado nocturno'!D50 -> 0 | E53: ='concentrado nocturno'!E50 -> 0 | F53: ='concentrado nocturno'!F50 -> 0 | G53: ='concentrado nocturno'!G50 -> 0 | H53: ='concentrado nocturno'!H50 -> 0 | ... J53: ='concentrado nocturno'!J50 -> 0
A54: ='concentrado nocturno'!A51 -> 220 | B54: ='concentrado nocturno'!B51 -> 1031-13/1131-14 | C54: ='concentrado nocturno'!C51 -> Compu | D54: ='concentrado nocturno'!D51 -> 0 | E54: ='concentrado nocturno'!E51 -> 0 | F54: ='concentrado nocturno'!F51 -> 0 | G54: ='concentrado nocturno'!G51 -> 335 CC | H54: ='concentrado nocturno'!H51 -> 335 CC | ... J54: ='concentrado nocturno'!J51 -> 0
A55: ='concentrado nocturno'!A52 -> 221 | B55: ='concentrado nocturno'!B52 -> 731-13/831-14 | C55: ='concentrado nocturno'!C52 -> Compu | D55: ='concentrado nocturno'!D52 -> 0 | E55: ='concentrado nocturno'!E52 -> 0 | F55: ='concentrado nocturno'!F52 -> 0 | G55: ='concentrado nocturno'!G52 -> 2453 | H55: ='concentrado nocturno'!H52 -> 1035 SIM | ... J55: ='concentrado nocturno'!J52 -> 0
A57: =A28 -> REGISTRO DIARIO DE INCIDENCIAS
A58: =A29 -> PERIODO ENERO- ABRIL 2026
A59: =A30 -> TURNOS: VESP Y NOCTURNO | D59: =D30 -> 46083 | G59: =G30 -> SEM 9 LIC
A60: =A31 -> Aula | B60: =B31 -> Gpo. | C60: =C31 -> Licenciatura | D60: =D31 -> Op | E60: =E31 -> 16:00 | F60: =F31 -> 17:00 | G60: =G31 -> 18:00 | H60: =H31 -> 19:00 | ... J60: =J31 -> 21:00
A61: ='concentrado nocturno'!A53 -> 301 | B61: ='concentrado nocturno'!B53 -> 521-9 | C61: ='concentrado nocturno'!C53 -> Civil | D61: ='concentrado nocturno'!D53 -> 0 | E61: ='concentrado nocturno'!E53 -> S 102 | F61: ='concentrado nocturno'!F53 -> S 102 | G61: ='concentrado nocturno'!G53 -> A260 | H61: ='concentrado nocturno'!H53 -> A260 | ... J61: ='concentrado nocturno'!J53 -> 0
A62: ='concentrado nocturno'!A54 -> 301-A | B62: ='concentrado nocturno'!B54 -> 521-9 | C62: ='concentrado nocturno'!C54 -> Industrial | D62: ='concentrado nocturno'!D54 -> 0 | E62: ='concentrado nocturno'!E54 -> A95 | F62: ='concentrado nocturno'!F54 -> 2543 | G62: ='concentrado nocturno'!G54 -> A184 | H62: ='concentrado nocturno'!H54 -> A225 | ... J62: ='concentrado nocturno'!J54 -> 2543 s313
A63: ='concentrado nocturno'!A55 -> 302 | B63: ='concentrado nocturno'!B55 -> 221-9 | C63: ='concentrado nocturno'!C55 -> Psicologia | D63: ='concentrado nocturno'!D55 -> 0 | E63: ='concentrado nocturno'!E55 -> 2543 sln101 | F63: ='concentrado nocturno'!F55 -> 2206 | G63: ='concentrado nocturno'!G55 -> 2023 | H63: ='concentrado nocturno'!H55 -> 2409 s207 | ... J63: ='concentrado nocturno'!J55 -> 0
A64: ='concentrado nocturno'!A56 -> 303 | B64: ='concentrado nocturno'!B56 -> 521-9 | C64: ='concentrado nocturno'!C56 -> FINANZAS | D64: ='concentrado nocturno'!D56 -> 0 | E64: ='concentrado nocturno'!E56 -> 0 | F64: ='concentrado nocturno'!F56 -> 0 | G64: ='concentrado nocturno'!G56 -> 1228 CC | H64: ='concentrado nocturno'!H56 -> 1228 CC | ... J64: ='concentrado nocturno'!J56 -> 0
A65: ='concentrado nocturno'!A57 -> 304 | B65: ='concentrado nocturno'!B57 -> 1131-14 | C65: ='concentrado nocturno'!C57 -> Electro | D65: ='concentrado nocturno'!D57 -> 0 | E65: ='concentrado nocturno'!E57 -> 0 | F65: ='concentrado nocturno'!F57 -> 0 | G65: ='concentrado nocturno'!G57 -> 2095 | H65: ='concentrado nocturno'!H57 -> 2095 | ... J65: ='concentrado nocturno'!J57 -> 1534
A66: ='concentrado nocturno'!A58 -> 305 | B66: ='concentrado nocturno'!B58 -> 221-9 | C66: ='concentrado nocturno'!C58 -> Negocios | D66: ='concentrado nocturno'!D58 -> 0 | E66: ='concentrado nocturno'!E58 -> 0 | F66: ='concentrado nocturno'!F58 -> 1228 CC | G66: ='concentrado nocturno'!G58 -> A68 | H66: ='concentrado nocturno'!H58 -> A68 | ... J66: ='concentrado nocturno'!J58 -> 0
A67: ='concentrado nocturno'!A59 -> 306 | B67: ='concentrado nocturno'!B59 -> 0 | C67: ='concentrado nocturno'!C59 -> 0 | D67: ='concentrado nocturno'!D59 -> 11AN | E67: ='concentrado nocturno'!E59 -> 0 | F67: ='concentrado nocturno'!F59 -> 0 | G67: ='concentrado nocturno'!G59 -> 0 | H67: ='concentrado nocturno'!H59 -> 0 | ... J67: ='concentrado nocturno'!J59 -> 0
A68: ='concentrado nocturno'!A60 -> 307 | B68: ='concentrado nocturno'!B60 -> 231-14 | C68: ='concentrado nocturno'!C60 -> Industrial | D68: ='concentrado nocturno'!D60 -> 0 | E68: ='concentrado nocturno'!E60 -> 0 | F68: ='concentrado nocturno'!F60 -> 0 | G68: ='concentrado nocturno'!G60 -> 1153 | H68: ='concentrado nocturno'!H60 -> 765 | ... J68: ='concentrado nocturno'!J60 -> 0
A69: ='concentrado nocturno'!A61 -> 308 | B69: ='concentrado nocturno'!B61 -> 831-14 | C69: ='concentrado nocturno'!C61 -> Civil | D69: ='concentrado nocturno'!D61 -> 0 | E69: ='concentrado nocturno'!E61 -> 1602 | F69: ='concentrado nocturno'!F61 -> 1602 | G69: ='concentrado nocturno'!G61 -> 0 | H69: ='concentrado nocturno'!H61 -> S 001 | ... J69: ='concentrado nocturno'!J61 -> A136
A70: ='concentrado nocturno'!A62 -> 309 | B70: ='concentrado nocturno'!B62 -> 731-13 | C70: ='concentrado nocturno'!C62 -> Industrial | D70: ='concentrado nocturno'!D62 -> 0 | E70: ='concentrado nocturno'!E62 -> 0 | F70: ='concentrado nocturno'!F62 -> 0 | G70: ='concentrado nocturno'!G62 -> 0 | H70: ='concentrado nocturno'!H62 -> 2525 | ... J70: ='concentrado nocturno'!J62 -> S 313
A71: ='concentrado nocturno'!A63 -> 309-A | B71: ='concentrado nocturno'!B63 -> 531-14 | C71: ='concentrado nocturno'!C63 -> Psicologia | D71: ='concentrado nocturno'!D63 -> 2AN | E71: ='concentrado nocturno'!E63 -> 0 | F71: ='concentrado nocturno'!F63 -> 0 | G71: ='concentrado nocturno'!G63 -> 0 | H71: ='concentrado nocturno'!H63 -> A121 | ... J71: ='concentrado nocturno'!J63 -> 2372
A72: ='concentrado nocturno'!A64 -> 310 | B72: ='concentrado nocturno'!B64 -> 0 | C72: ='concentrado nocturno'!C64 -> 0 | D72: ='concentrado nocturno'!D64 -> 0 | E72: ='concentrado nocturno'!E64 -> 0 | F72: ='concentrado nocturno'!F64 -> 0 | G72: ='concentrado nocturno'!G64 -> 0 | H72: ='concentrado nocturno'!H64 -> 0 | ... J72: ='concentrado nocturno'!J64 -> 0
... A79: ='concentrado nocturno'!A71 -> 0 | B79: ='concentrado nocturno'!B71 -> 0 | C79: ='concentrado nocturno'!C71 -> 0 | D79: ='concentrado nocturno'!D71 -> 0 | E79: ='concentrado nocturno'!E71 -> 0 | F79: ='concentrado nocturno'!F71 -> 0 | G79: ='concentrado nocturno'!G71 -> 0 | H79: ='concentrado nocturno'!H71 -> 0 | ... J79: ='concentrado nocturno'!J71 -> 0
A82: =A57 -> REGISTRO DIARIO DE INCIDENCIAS
A83: =A58 -> PERIODO ENERO- ABRIL 2026
A84: =A30 -> TURNOS: VESP Y NOCTURNO | D84: =FECHAS!D9 -> 46084 | G84: =G59 -> SEM 9 LIC
A85: =A60 -> Aula | B85: =B60 -> Gpo. | C85: =C60 -> Licenciatura | D85: =D60 -> Op | E85: =E60 -> 16:00 | F85: =F60 -> 17:00 | G85: =G60 -> 18:00 | H85: =H60 -> 19:00 | ... J85: =J60 -> 21:00
A86: =A5 -> CC1 | B86: =B5 -> 0 | C86: =C5 -> 0 | D86: =D5 -> 0 | E86: ='concentrado nocturno'!K6 -> 1094 | F86: ='concentrado nocturno'!L6 -> 1094 | G86: ='concentrado nocturno'!M6 -> 0 | H86: ='concentrado nocturno'!N6 -> 0 | I86: ='concentrado nocturno'!O6 -> 0 | J86: ='concentrado nocturno'!P6 -> 634
A87: =A6 -> CC2 | B87: =B6 -> 0 | C87: =C6 -> 0 | D87: =D6 -> 0 | E87: ='concentrado nocturno'!K7 -> 0 | F87: ='concentrado nocturno'!L7 -> 1035 | G87: ='concentrado nocturno'!M7 -> 1035 | H87: ='concentrado nocturno'!N7 -> 0 | I87: ='concentrado nocturno'!O7 -> 0 | J87: ='concentrado nocturno'!P7 -> 0
A88: =A7 -> CC3 | B88: =B7 -> 0 | C88: =C7 -> 0 | D88: =D7 -> 0 | E88: ='concentrado nocturno'!K8 -> 0 | F88: ='concentrado nocturno'!L8 -> 2387 | G88: ='concentrado nocturno'!M8 -> 0 | H88: ='concentrado nocturno'!N8 -> 0 | I88: ='concentrado nocturno'!O8 -> 0 | J88: ='concentrado nocturno'!P8 -> 0
A89: =A8 -> CC4 | B89: =B8 -> 0 | C89: =C8 -> 0 | D89: =D8 -> 0 | E89: ='concentrado nocturno'!K9 -> 0 | F89: ='concentrado nocturno'!L9 -> 0 | G89: ='concentrado nocturno'!M9 -> 1534 | H89: ='concentrado nocturno'!N9 -> 2448 | I89: ='concentrado nocturno'!O9 -> 2448 | J89: ='concentrado nocturno'!P9 -> 0
A90: =A9 -> CC5 | B90: =B9 -> 0 | C90: =C9 -> 0 | D90: =D9 -> 0 | E90: ='concentrado nocturno'!K10 -> 436 | F90: ='concentrado nocturno'!L10 -> 0 | G90: ='concentrado nocturno'!M10 -> 0 | H90: ='concentrado nocturno'!N10 -> 0 | I90: ='concentrado nocturno'!O10 -> 1836 | J90: ='concentrado nocturno'!P10 -> 1836
A91: =A10 -> 1 | B91: =B10 -> 421-13/521-14 | C91: =C10 -> Psicologia | D91: =D10 -> 11DV, 8AN, 5BN | E91: ='concentrado nocturno'!K11 -> 1567 | F91: ='concentrado nocturno'!L11 -> A133 | G91: ='concentrado nocturno'!M11 -> A133 | H91: ='concentrado nocturno'!N11 -> 2336 | I91: ='concentrado nocturno'!O11 -> 2336 | J91: ='concentrado nocturno'!P11 -> 0
A92: =A11 -> 2 | B92: =B11 -> 721-8-821-9 | C92: =C11 -> Psicologia | D92: =D11 -> 0 | E92: ='concentrado nocturno'!K12 -> 2396 | F92: ='concentrado nocturno'!L12 -> 2468 | G92: ='concentrado nocturno'!M12 -> 2468 | H92: ='concentrado nocturno'!N12 -> 382 | I92: ='concentrado nocturno'!O12 -> 634 | J92: ='concentrado nocturno'!P12 -> 0
A93: =A12 -> 2 | B93: =B12 -> 421-13/521-14 | C93: =C12 -> Compu | D93: =D12 -> 0 | E93: ='concentrado nocturno'!K13 -> 436 CC | F93: ='concentrado nocturno'!L13 -> 0 | G93: ='concentrado nocturno'!M13 -> 0 | H93: ='concentrado nocturno'!N13 -> 0 | I93: ='concentrado nocturno'!O13 -> 0 | J93: ='concentrado nocturno'!P13 -> A263
A94: =A13 -> 3 | B94: =B13 -> 221-14 | C94: =C13 -> Psicologia | D94: =D13 -> 8CN | E94: ='concentrado nocturno'!K14 -> 2325 | F94: ='concentrado nocturno'!L14 -> 2396 | G94: ='concentrado nocturno'!M14 -> 1602 | H94: ='concentrado nocturno'!N14 -> 1435 | I94: ='concentrado nocturno'!O14 -> 1435 | J94: ='concentrado nocturno'!P14 -> 0
A95: =A14 -> 3 | B95: =B14 -> 1031-13/1131-14 | C95: =C14 -> Psicologia | D95: =D14 -> 0 | E95: ='concentrado nocturno'!K15 -> 0 | F95: ='concentrado nocturno'!L15 -> 0 | G95: ='concentrado nocturno'!M15 -> 0 | H95: ='concentrado nocturno'!N15 -> 0 | I95: ='concentrado nocturno'!O15 -> 0 | J95: ='concentrado nocturno'!P15 -> 0
A96: =A15 -> 4 | B96: =B15 -> 531-14 | C96: =C15 -> FINANZAS | D96: =D15 -> 0 | E96: ='concentrado nocturno'!K16 -> 0 | F96: ='concentrado nocturno'!L16 -> 0 | G96: ='concentrado nocturno'!M16 -> 0 | H96: ='concentrado nocturno'!N16 -> 2476 s306 | I96: ='concentrado nocturno'!O16 -> 2476 s306 | J96: ='concentrado nocturno'!P16 -> 1836 cc
A97: =A16 -> 4 | B97: =B16 -> 821-14 | C97: =C16 -> Psicologia | D97: =D16 -> 0 | E97: ='concentrado nocturno'!K17 -> A99 | F97: ='concentrado nocturno'!L17 -> 1456 | G97: ='concentrado nocturno'!M17 -> 1303 | H97: ='concentrado nocturno'!N17 -> 0 | I97: ='concentrado nocturno'!O17 -> 0 | J97: ='concentrado nocturno'!P17 -> 0
... A107: =A26 -> 104 | B107: =B26 -> 521-9 | C107: =C26 -> Negocios | D107: =D26 -> 8DV | E107: ='concentrado nocturno'!K27 -> A244 | F107: ='concentrado nocturno'!L27 -> A244 | G107: ='concentrado nocturno'!M27 -> 0 | H107: ='concentrado nocturno'!N27 -> A198 | I107: ='concentrado nocturno'!O27 -> 2166 | J107: ='concentrado nocturno'!P27 -> 0
A109: =A82 -> REGISTRO DIARIO DE INCIDENCIAS
A110: =A83 -> PERIODO ENERO- ABRIL 2026
A111: =A84 -> TURNOS: VESP Y NOCTURNO | D111: =D84 -> 46084 | G111: =G84 -> SEM 9 LIC
A112: =A85 -> Aula | B112: =B85 -> Gpo. | C112: =C85 -> Licenciatura | D112: =D85 -> Op | E112: =E85 -> 16:00 | F112: =F85 -> 17:00 | G112: =G85 -> 18:00 | H112: =H85 -> 19:00 | ... J112: =J85 -> 21:00
A113: =A32 -> 201 | B113: =B32 -> 1431-14 | C113: =C32 -> Civil | D113: =D32 -> 8AV, 5BV | E113: ='concentrado nocturno'!K28 -> 0 | F113: ='concentrado nocturno'!L28 -> A160 s007 | G113: ='concentrado nocturno'!M28 -> A160 s007 | H113: ='concentrado nocturno'!N28 -> A145 | I113: ='concentrado nocturno'!O28 -> A261 | J113: ='concentrado nocturno'!P28 -> A261
A114: =A33 -> 202 | B114: =B33 -> 831-14 | C114: =C33 -> Psicologia | D114: =D33 -> 0 | E114: ='concentrado nocturno'!K29 -> 0 | F114: ='concentrado nocturno'!L29 -> 0 | G114: ='concentrado nocturno'!M29 -> 0 | H114: ='concentrado nocturno'!N29 -> 2409 | I114: ='concentrado nocturno'!O29 -> 2409 | J114: ='concentrado nocturno'!P29 -> 2166
A115: =A35 -> 204 | B115: =B35 -> 731-13/831-14 | C115: =C35 -> Electro | D115: =D35 -> 0 | E115: ='concentrado nocturno'!K31 -> 0 | F115: ='concentrado nocturno'!L31 -> 0 | G115: ='concentrado nocturno'!M31 -> 1662 | H115: ='concentrado nocturno'!N31 -> 1662 | I115: ='concentrado nocturno'!O31 -> 1662 | J115: ='concentrado nocturno'!P31 -> A79
A116: =A36 -> 205 | B116: =B36 -> 1121-14 | C116: =C36 -> Psicologia | D116: =D36 -> 8CV, 2BN | E116: ='concentrado nocturno'!K32 -> A263 | F116: ='concentrado nocturno'!L32 -> 2468 sln02 | G116: ='concentrado nocturno'!M32 -> 2468 sln02 | H116: ='concentrado nocturno'!N32 -> A160 | I116: ='concentrado nocturno'!O32 -> A160 | J116: ='concentrado nocturno'!P32 -> 0
A117: =A37 -> 205 | B117: =B37 -> 0 | C117: =C37 -> 0 | D117: =D37 -> 0 | E117: ='concentrado nocturno'!K33 -> 0 | F117: ='concentrado nocturno'!L33 -> 0 | G117: ='concentrado nocturno'!M33 -> 0 | H117: ='concentrado nocturno'!N33 -> 0 | I117: ='concentrado nocturno'!O33 -> 0 | J117: ='concentrado nocturno'!P33 -> 0
A118: =A38 -> 206 | B118: =B38 -> 231-14 | C118: =C38 -> Civil | D118: =D38 -> 0 | E118: ='concentrado nocturno'!K34 -> 0 | F118: ='concentrado nocturno'!L34 -> 0 | G118: ='concentrado nocturno'!M34 -> 0 | H118: ='concentrado nocturno'!N34 -> 245 | I118: ='concentrado nocturno'!O34 -> 245 | J118: ='concentrado nocturno'!P34 -> 634 cc
A119: =A39 -> 207 | B119: =B39 -> 231-14 | C119: =C39 -> Psicologia | D119: =D39 -> 0 | E119: ='concentrado nocturno'!K35 -> 0 | F119: ='concentrado nocturno'!L35 -> 0 | G119: ='concentrado nocturno'!M35 -> 0 | H119: ='concentrado nocturno'!N35 -> 2390 | I119: ='concentrado nocturno'!O35 -> A262 | J119: ='concentrado nocturno'!P35 -> A262
A120: =A40 -> 209 | B120: =B40 -> 1331-13/1431-14 | C120: =C40 -> Industrial | D120: =D40 -> 0 | E120: ='concentrado nocturno'!K37 -> 964 | F120: ='concentrado nocturno'!L37 -> 0 | G120: ='concentrado nocturno'!M37 -> 0 | H120: ='concentrado nocturno'!N37 -> A182 | I120: ='concentrado nocturno'!O37 -> 1562 | J120: ='concentrado nocturno'!P37 -> A103
A121: =A41 -> 208 | B121: =B41 -> 821-9 | C121: =C41 -> Industrial | D121: =D41 -> 0 | E121: ='concentrado nocturno'!K36 -> S 209 | F121: ='concentrado nocturno'!L36 -> 0 | G121: ='concentrado nocturno'!M36 -> 0 | H121: ='concentrado nocturno'!N36 -> A103 | I121: ='concentrado nocturno'!O36 -> A103 | J121: ='concentrado nocturno'!P36 -> 0
A122: =A42 -> 210 | B122: =B42 -> 121-13 | C122: =C42 -> Psicologia | D122: =D42 -> 0 | E122: ='concentrado nocturno'!K38 -> 0 | F122: ='concentrado nocturno'!L38 -> 0 | G122: ='concentrado nocturno'!M38 -> 382 | H122: ='concentrado nocturno'!N38 -> 1602 | I122: ='concentrado nocturno'!O38 -> 1602 | J122: ='concentrado nocturno'!P38 -> 0
A123: =A43 -> 211 | B123: =B43 -> 1431-14 | C123: =C43 -> FINANZAS | D123: =D43 -> 0 | E123: ='concentrado nocturno'!K39 -> 0 | F123: ='concentrado nocturno'!L39 -> 0 | G123: ='concentrado nocturno'!M39 -> 0 | H123: ='concentrado nocturno'!N39 -> A166 | I123: ='concentrado nocturno'!O39 -> A99 | J123: ='concentrado nocturno'!P39 -> 1990
A124: =A44 -> 211 | B124: =B44 -> 1421-14 | C124: =C44 -> Psicologia | D124: =D44 -> 0 | E124: ='concentrado nocturno'!K40 -> 1303 | F124: ='concentrado nocturno'!L40 -> 1303 | G124: ='concentrado nocturno'!M40 -> A121 | H124: ='concentrado nocturno'!N40 -> 0 | I124: ='concentrado nocturno'!O40 -> 0 | J124: ='concentrado nocturno'!P40 -> 0
A125: =A45 -> 212 | B125: =B45 -> 421-8 | C125: =C45 -> Industrial | D125: =D45 -> 0 | E125: ='concentrado nocturno'!K41 -> S. 301-A | F125: ='concentrado nocturno'!L41 -> 765 | G125: ='concentrado nocturno'!M41 -> 765 | H125: ='concentrado nocturno'!N41 -> S. 301-A | I125: ='concentrado nocturno'!O41 -> S. 301-A | J125: ='concentrado nocturno'!P41 -> 1581
A126: =A46 -> 213 | B126: =B46 -> 521-14 | C126: =C46 -> FINANZAS | D126: =D46 -> 0 | E126: ='concentrado nocturno'!K43 -> A166 | F126: ='concentrado nocturno'!L43 -> 0 | G126: ='concentrado nocturno'!M43 -> 0 | H126: ='concentrado nocturno'!N43 -> 0 | I126: ='concentrado nocturno'!O43 -> 0 | J126: ='concentrado nocturno'!P43 -> 0
A127: =A47 -> 214 | B127: =B47 -> 0 | C127: =C47 -> 0 | D127: =D47 -> 0 | E127: ='concentrado nocturno'!K44 -> 0 | F127: ='concentrado nocturno'!L44 -> 0 | G127: ='concentrado nocturno'!M44 -> 0 | H127: ='concentrado nocturno'!N44 -> 0 | I127: ='concentrado nocturno'!O44 -> 0 | J127: ='concentrado nocturno'!P44 -> 0
A128: =A48 -> 215 | B128: =B48 -> 1421-14 | C128: =C48 -> Compu | D128: =D48 -> 0 | E128: ='concentrado nocturno'!K45 -> 0 | F128: ='concentrado nocturno'!L45 -> 1035 CC | G128: ='concentrado nocturno'!M45 -> 1035 CC | H128: ='concentrado nocturno'!N45 -> A38cc | I128: ='concentrado nocturno'!O45 -> 0 | J128: ='concentrado nocturno'!P45 -> 0
A129: =A49 -> 216 | B129: =B49 -> 821-14 | C129: =C49 -> Mecatronica | D129: =D49 -> 0 | E129: ='concentrado nocturno'!K46 -> 0 | F129: ='concentrado nocturno'!L46 -> 0 | G129: ='concentrado nocturno'!M46 -> 1534 cc | H129: ='concentrado nocturno'!N46 -> 2387 | I129: ='concentrado nocturno'!O46 -> A163 Taller | J129: ='concentrado nocturno'!P46 -> 0
...

Sheet concentrado nocturno
A1: Concentrado General De Catedráticos y Grupos.
A3: a
A4: Aula | B4: Gpo. | C4: Licenciatura | D4: Opt | E4: Lunes | K4: Martes | Q4: Miércoles | W4: Jueves | AC4: Viernes | AI4: Aula
E5: 4:00 | F5: 5:00 | G5: 6:00 | H5: 7:00 | I5: 8:00 | J5: 9:00 | K5: 4:00 | L5: 5:00 | M5: 6:00 | N5: 7:00 | O5: 8:00 | P5: 9:00 | Q5: 4:00 | R5: 5:00 | S5: 6:00 | T5: 7:00 | U5: 8:00 | V5: 9:00 | W5: 4:00 | X5: 5:00 | Y5: 6:00 | Z5: 7:00 | AA5: 8:00 | AB5: 9:00 | AC5: 4:00 | AD5: 5:00 | AE5: 6:00 | AF5: 7:00 | AG5: 8:00 | AH5: 9:00
A6: CC1 | E6: 390 | F6: 390 | G6: 2387 | H6: 2387 | K6: 1094 | L6: 1094 | P6: 634 | S6: 2130 | T6: 2130 | X6: 1094 | AF6: 1228 | AG6: 1228 | AI6: =+A6 -> CC1
A7: CC2 | G7: A161 | H7: A161 | I7: 634 | L7: 1035 | M7: 1035 | Q7: 634 | R7: 634 | S7: 634 | T7: 1517 | U7: 634 | V7: 634 | W7: 634 | Y7: 1534 | Z7: A182 | AA7: A182 | AD7: A97 | AE7: A238 | AF7: A161 | AI7: =A7 -> CC2
A8: CC3 | E8: 1228 | F8: 1228 | G8: 335 | H8: 335 | I8: 335 | L8: 2387 | R8: A97 | S8: A97 | T8: 1035 | U8: 1836 | V8: 1836 | X8: A242 | Z8: A38 | AC8: 1228 | AI8: =A8 -> CC3
A9: CC4 | G9: 436 | I9: A99 | M9: 1534 | N9: 2448 | O9: 2448 | Q9: 1228 | S9: A38 | T9: 2448 | U9: 1517 | W9: 390 | Z9: 2448 | AA9: 634 | AB9: 634 | AC9: A161 | AD9: A161 | AF9: 2448 | AG9: 2448 | AI9: =A9 -> CC4
A10: CC5 | F10: 1035 | G10: 1228 | H10: 1228 | I10: 1836 | K10: 436 | O10: 1836 | P10: 1836 | Z10: A242 | AA10: A242 | AE10: 634 | AF10: A96 | AI10: =A10 -> CC5
A11: 1 | B11: 421-13/521-14 | C11: Psicologia | D11: 11DV, 8AN, 5BN | F11: 2396 | G11: 2396 | H11: 1246 | K11: 1567 | L11: A133 | M11: A133 | N11: 2336 | O11: 2336 | R11: 2396 | S11: A234 | T11: 2223 | U11: 2223 | W11: A262 | X11: A133 | Y11: A133 | Z11: 2336 | AA11: 2336 | AC11: 2396 | AD11: A234 | AE11: A234 | AF11: 2223 | AG11: 2223 | AH11: 1567 | AI11: =A11 -> 1
A12: 2 | B12: 721-8-821-9 | C12: Psicologia | E12: 2325 | F12: 1456 | G12: A121 | H12: 2206 | I12: 634 CC | K12: 2396 | L12: 2468 | M12: 2468 | N12: 382 | O12: 634 | Q12: 2325 | R12: A121 | S12: 2396 | T12: 382 | U12: 634 CC | W12: 634 CC | X12: 2468 | Y12: 2468 | Z12: 1456 | AA12: 2206 | AD12: 2206 | AE12: 2206 | AF12: A121 | AG12: 2396 | AI12: =A12 -> 2
A13: 2 | B13: 421-13/521-14 | C13: Compu | E13: 390 CC | F13: 390 CC | G13: 436 CC | K13: 436 CC | P13: A263 | Q13: 436 | R13: 436 | S13: A161 | W13: 390 cc | AC13: A161 CC | AD13: A161 CC | AE13: 1567 S102 | AF13: CCIG | AG13: CCIG | AI13: =A13 -> 2
A14: 3 | B14: 221-14 | C14: Psicologia | D14: 8CN | E14: A114 | F14: A114 | G14: A158 | K14: 2325 | L14: 2396 | M14: 1602 | N14: 1435 | O14: 1435 | Q14: 2396 | R14: A114 | S14: A114 | W14: 2325 | X14: 1602 | Y14: A158 | Z14: 1435 | AA14: 1435 | AB14: A263 | AC14: 1602 | AD14: 1567 S 315 | AE14: 2396 | AI14: =A14 -> 3
A15: 3 | B15: 1031-13/1131-14 | C15: Psicologia | H15: 2396 | I15: 2326 | J15: 2326 | T15: 2396 | U15: 2396 | V15: A121 | AG15: A121 | AI15: =A15 -> 3
A16: 4 | B16: 531-14 | C16: FINANZAS | E16: S 003 | F16: S 003 | G16: S 003 | H16: 2543 | I16: A97 | J16: 1836 | N16: 2476 s306 | O16: 2476 s306 | P16: 1836 cc | T16: A166 | U16: A97 | V16: 1836 CC | Z16: 2476 | AA16: 2476 | AB16: A166 | AF16: A166 | AG16: A166 | AH16: A97 | AI16: =A16 -> 4
A17: 4 | B17: 821-14 | C17: Psicologia | E17: 1303 | F17: 1303 | G17: S 103 | K17: A99 | L17: 1456 | M17: 1303 | Q17: 2517 | R17: 1846 | S17: 1846 | W17: 2517 | X17: 1456 | Y17: A99 | AC17: 2517 | AD17: 1846 | AE17: 1846 | AI17: =A17 -> 4
A18: 5 | B18: 721-8/821-9 | C18: Civil | D18: 2BV | E18: A145 | F18: A145 | G18: 2306 | H18: GEVA | I18: GEVA | J18: 2401 | K18: 1384 | L18: 2395 | M18: 2395 | N18: GEVA | O18: 2401 | P18: 2401 | Q18: 1887 | R18: A43 | S18: 1152 | T18: 2231 | U18: 2231 | W18: A43 | X18: 2395 | Y18: 2395 | Z18: 2306 | AA18: 2306 | AC18: 1887 | AD18: 1887 | AE18: 1152 | AF18: 1384 | AG18: 1384 | AI18: =A18 -> 5
A19: 7 | B19: 721-8/821-9 | C19: FINANZAS | E19: A228 | F19: A96 | G19: A96 | H19: A238 | I19: A238 | K19: A228 | L19: 160 | M19: 160 | N19: 2448 CC | O19: 2448 CC | Q19: A99 | R19: A96 | S19: 2040 | T19: A228 | U19: A228 | W19: A99 | X19: 160 | Y19: 160 | Z19: 2040 | AA19: 2040 | AC19: A99 | AD19: A99 | AE19: A238 CC2 | AF19: A96 CC | AG19: 2448 CC4 | AI19: =A19 -> 7
A20: 8 | B20: 821-9 | C20: Negocios | D20: 2AV | E20: A237 | F20: 1246 | G20: A55 | H20: 2312 | I20: 2312 | K20: A234 | L20: A36 | M20: A36 | N20: A55 | O20: A55 | Q20: A234 | R20: A234 | S20: A230 | T20: A230 | U20: 2312 | X20: A36 | Y20: A36 | Z20: 1246 | AA20: A230 | AC20: A237 | AD20: A237 | AE20: A55 | AF20: 98 | AG20: 98 | AI20: =A20 -> 8
A21: 9 | B21: 221-9 | C21: FINANZAS | D21: 5DV | E21: 1567 | F21: 2312 | G21: A97 | H21: A96 | I21: 1836 CC | K21: 1990 | L21: 2451 | M21: 2451 | N21: A99 | O21: 1836 CC | R21: 2451 | S21: 2451 | T21: A96 | U21: 1836 cc | W21: 1990 | X21: 2451 | Y21: 2451 | Z21: A96 | AA21: A99 | AC21: 1990 | AD21: 2312 | AE21: A97 | AF21: A99 | AG21: 2163 S 101 | AH21: 2163 | AI21: =A21 -> 9
A22: 101 | B22: 221-9 | C22: Civil | D22: 2CV | E22: 2543 | F22: A141 | G22: A141 | H22: A136 | I22: A136 | J22: JUPJ | K22: A141 | L22: A78 | M22: A78 | N22: A136 | O22: A200 | Q22: 634 CC | R22: 634 CC | S22: 634 CC | T22: 1502 S 103 | U22: 1502 S 103 | W22: A200 | X22: A78 | Y22: A78 | Z22: 1502 | AA22: 1502 | AC22: A200 | AD22: A200 | AE22: 634 CC5 | AF22: A200 | AG22: 2163 | AI22: =A22 -> 101
A23: 102 | B23: 531-14 | C23: Civil | H23: 2401 | I23: A169 | J23: A169 | P23: A43 | T23: 2401 | U23: 2401 | V23: A169 | AB23: A43 | AF23: A43 | AG23: A43 | AH23: 1567 S 001 | AI23: =A23 -> 102
A24: 102 | B24: 521-14 | C24: Civil | D24: 8BV, 5CN | E24: 1887 | F24: 1887 | G24: A136 | K24: 1887 | L24: 2336 | M24: 2336 | N24: A78 | O24: A78 | Q24: A183 | R24: A136 | S24: A136 | W24: 1887 | X24: 2336 | Y24: 2336 | Z24: A78 | AA24: A78 | AE24: 1567 | AI24: =A24 -> 102
A25: 103 | B25: 821-14 | C25: Civil | D25: 5AV, 8BN | E25: 2401 | F25: A136 | G25: 1246 | K25: 1152 | L25: 1152 | M25: A136 | N25: 2468 | O25: 2468 | Q25: 1384 | R25: 2476 | S25: 2476 | U25: A260 S101 | V25: A260 S101 | W25: 2401 | X25: 1152 | Y25: A136 | Z25: 2468 | AA25: 2468 | AC25: 1384 | AD25: 2476 | AE25: 2476 | AI25: =A25 -> 103
A26: 103 | B26: 1131-14 | C26: Civil | H26: 2306 | I26: 2306 | J26: S 101 | P26: A200 | T26: A169 | AB26: A169 | AF26: 2306 | AG26: A200 | AH26: 2163 S 101 | AI26: =A26 -> 103
A27: 104 | B27: 521-9 | C27: Negocios | D27: 8DV | E27: A191 | F27: A191 | G27: 2543 | H27: A55 | I27: 2472 | K27: A244 | L27: A244 | N27: A198 | O27: 2166 | Q27: S 201 | T27: 2472 | U27: 2166 | W27: A244 | X27: A244 | Y27: A198 | Z27: A55 | AA27: A55 | AC27: A191 | AF27: A55 | AG27: 2472 | AI27: =A27 -> 104
A28: 201 | B28: 1431-14 | C28: Civil | D28: 8AV, 5BV | H28: A145 | I28: 2338 | J28: A261 | L28: A160 s007 | M28: A160 s007 | N28: A145 | O28: A261 | P28: A261 | Q28: 1567 S 301 | R28: A78 | S28: A78 | T28: A145 | U28: 2338 | V28: 2338 | X28: A160 s007 | Y28: A160 s007 | Z28: 1152 | AA28: 1887 | AB28: 1887 | AD28: A78 | AE28: A78 | AF28: 1152 | AG28: 990 | AH28: 990 | AI28: =A28 -> 201
A29: 202 | B29: 831-14 | C29: Psicologia | H29: S 001 | I29: 2206 | J29: 1360 | N29: 2409 | O29: 2409 | P29: 2166 | V29: 2166 | Z29: 2206 | AA29: 1360 | AB29: 2409 | AH29: 2206 | AI29: =A29 -> 202
A30: 203 Sim | C30: Compu | H30: 1035 | I30: 1035 | Z30: 1035 | AE30: 1035 | AF30: 1035 | AG30: 1035 | AI30: =A30 -> 203 Sim
A31: 204 | B31: 731-13/831-14 | C31: Electro | H31: 2310 s302 | I31: 2310 s302 | J31: 2310 s302 | M31: 1662 | N31: 1662 | O31: 1662 | P31: A79 | S31: 1567 s315 | V31: A79 | Y31: 1662 | Z31: 1662 | AA31: 2310 | AB31: 2310 | AE31: 2310 | AH31: A79 | AI31: =A31 -> 204
A32: 205 | B32: 1121-14 | C32: Psicologia | D32: 8CV, 2BN | E32: 2396 | F32: 1769 | G32: 2372 | K32: A263 | L32: 2468 sln02 | M32: 2468 sln02 | N32: A160 | O32: A160 | Q32: 2372 | R32: 382 | S32: 382 | W32: 2396 | X32: 2468 S002 | Y32: 2468 S002 | Z32: A160 | AA32: A160 | AC32: A263 | AD32: 2396 | AE32: A263 | AI32: =A32 -> 205
A33: 205 | AI33: =A33 -> 205
A34: 206 | B34: 231-14 | C34: Civil | H34: A141 | I34: A141 | J34: 848 | N34: 245 | O34: 245 | P34: 634 cc | T34: 848 | U34: 848 | V34: 634 CC | Z34: A141 | AA34: 634 CC | AB34: 634 CC | AF34: 1502 | AG34: 1502 | AH34: 1836 sln211 | AI34: =A34 -> 206
A35: 207 | B35: 231-14 | C35: Psicologia | H35: 2409 | I35: 2409 | J35: 1769 | N35: 2390 | O35: A262 | P35: A262 | T35: 2390 | U35: A234 | V35: A234 | Z35: 2409 | AA35: 2409 | AB35: 1360 | AF35: A234 | AG35: 1360 | AH35: 2390 | AI35: =A35 -> 207
A36: 208 | B36: 821-9 | C36: Industrial | E36: S 209 | F36: S 209 | G36: S 209 | H36: 2130 | I36: 1562 | K36: S 209 | N36: A103 | O36: A103 | Q36: S 209 | R36: S 209 | S36: 2130 CC | T36: 2130 CC | U36: 1562 | W36: A95 | Z36: A103 | AA36: 1562 | AC36: A95 | AD36: 1562 | AE36: 1562 | AF36: 2130 | AG36: A103 | AI36: =A36 -> 208 | XDT36: =SUM(A36:XDS36) -> 12486
A37: 209 | B37: 1331-13/1431-14 | C37: Industrial | E37: 964 | F37: 964 | G37: 2130 | H37: S 218 | I37: 2182 | J37: 2182 | K37: 964 | N37: A182 | O37: 1562 | P37: A103 | Q37: 964 | R37: 1567 | T37: A95 | U37: A95 | V37: A182 | Z37: 765 | AA37: 2182 | AB37: 1579 | AF37: A103 | AG37: 1562 | AH37: 2182 | AI37: =A37 -> 209
A38: 210 | B38: 121-13 | C38: Psicologia | H38: 1581 | I38: 1581 | M38: 382 | N38: 1602 | O38: 1602 | T38: A231 | U38: A231 | X38: 1581 | Z38: 1602 | AA38: A231 | AI38: =A38 -> 210
A39: 211 | B39: 1431-14 | C39: FINANZAS | H39: A99 | I39: A99 CC | J39: 1990 | N39: A166 | O39: A99 | P39: 1990 | T39: 2448 CC | U39: A166 | V39: 1990 | Z39: 2448 CC4 | AA39: A238 | AB39: A238 | AF39: 2448 CC4 | AG39: 990 s201 | AH39: 990 s201 | AI39: =A39 -> 211
A40: 211 | B40: 1421-14 | C40: Psicologia | E40: 2372 | F40: A121 | G40: 1456 | K40: 1303 | L40: 1303 | M40: A121 | Q40: 1303 | R40: 1303 | S40: A121 | W40: 1456 | X40: S219 | Y40: S219 | AC40: 2372 | AD40: 2372 | AE40: A121 | AH40: 1836 | AI40: =A40 -> 211
A41: 212 | B41: 421-8 | C41: Industrial | E41: 765 | F41: 765 | G41: S. 301-A | H41: S. 301-A | I41: S. 301-A | J41: 964 | K41: S. 301-A | L41: 765 | M41: 765 | N41: S. 301-A | O41: S. 301-A | P41: 1581 | Q41: S. 301-A | T41: S. 301-A | U41: S. 301-A | V41: 1581 | W41: 1581 | X41: 964 | Y41: 964 | Z41: S. 301-A | AA41: S 301-A | AB41: 964 | AC41: S. 301-A | AF41: S. 301-A | AG41: S. 301-A | AH41: 1567 S 001 | AI41: =A41 -> 212
A42: 212 | D42: 8DN | T42: 2455 | U42: 2455 | AF42: 2455 | AG42: 2455
A43: 213 | B43: 521-14 | C43: FINANZAS | E43: 1228 CC | F43: A97 | G43: A166 | K43: A166 | Q43: 1228 cc | R43: A97 CC | S43: A166 | W43: A166 | AC43: 1228 CC | AD43: A97 CC2 | AE43: 1567 S 102 | AI43: =A43 -> 213
A44: 214 | AI44: =A44 -> 214
A45: 215 | B45: 1421-14 | C45: Compu | F45: 1035 CC | G45: A161 CC | H45: A161 CC | L45: 1035 CC | M45: 1035 CC | N45: A38cc | R45: A99 | S45: A99 | T45: 1035 CC | X45: S219 | Y45: S219 | Z45: A38 CC3 | AD45: 2448 | AE45: 2448 | AF45: A161 CC | AI45: =A45 -> 215
A46: 216 | B46: 821-14 | C46: Mecatronica | F46: 2387 | G46: 1534 | H46: S 001 | I46: 2387 | M46: 1534 cc | N46: 2387 | O46: A163 Taller | X46: 2387 | Y46: 1534 CC2 | Z46: A163 | AA46: A163 | AI46: =A46 -> 216
A47: 217 | AI47: =A47 -> 217
A48: 218 | B48: 1031-13/1131-14 | C48: Industrial | H48: 98 sln218 | I48: A103 | J48: A103 | N48: 2451 s309A | O48: 2451 s309A | P48: 2536 | T48: 98 | U48: A103 | V48: A103 | Z48: 2451 s309A | AA48: 2451 s309A | AB48: 1567 | AF48: 1567 | AG48: 1567 | AH48: 98 | AI48: =A48 -> 218
A49: 219-A | B49: 521-9 | C49: Mecatronica | E49: 1602 sln308 | F49: 1602 S308 | G49: 2453 S 220 | H49: 2040 | I49: 2040 | K49: 1094 CC | L49: 1094 CC | M49: A235 | N49: A235 | O49: A235 | Q49: S 201 | T49: A242 cc | U49: A242 cc | W49: 2095 | X49: 1094 CC1 | Y49: 1602 S308 | Z49: A242 CC | AA49: A242 CC | AC49: 2095 | AF49: A105 | AG49: A105 | AI49: =A49 -> 219-A
A50: 219 | T50: 1246 | U50: 1246 | AI50: =A50 -> 219
A51: 220 | B51: 1031-13/1131-14 | C51: Compu | G51: 335 CC | H51: 335 CC | I51: 335 CC | M51: A38 | S51: A38 CC | T51: 1517 CC | U51: 1517 CC | Y51: S 208 | AE51: 1035 sim | AF51: 1035 sim | AG51: 1035 sim | AI51: =A51 -> 220
A52: 221 | B52: 731-13/831-14 | C52: Compu | G52: 2453 | H52: 1035 SIM | I52: 1035 SIM | M52: 2453 | N52: 335cc | O52: 335cc | S52: 1567 s315 | Y52: 2453 | Z52: 1035 Sim | AA52: 2101 | AE52: 2101 | AI52: =A52 -> 221
A53: 301 | B53: 521-9 | C53: Civil | E53: S 102 | F53: S 102 | G53: A260 | H53: A260 | I53: A260 | K53: S 102 | L53: 1384 | M53: 1384 | N53: 2401 | O53: A169 | Q53: 1567 | T53: 1152 | U53: 1152 | W53: S 102 | X53: A136 | Y53: 1152 | Z53: A169 | AA53: A169 | AC53: 2401 | AF53: A136 | AG53: A136 | AI53: =A53 -> 301
A54: 301-A | B54: 521-9 | C54: Industrial | E54: A95 | F54: 2543 | G54: A184 | H54: A225 | I54: A225 | J54: 2543 s313 | K54: A184 | L54: 964 | M54: 964 | N54: A89 | O54: A89 | Q54: A184 | T54: 1246 s219 | U54: 1246 s219 | W54: 964 | X54: A95 | Y54: A95 | Z54: A225 | AA54: 1246 s218 | AC54: A184 | AF54: 2163 | AG54: A225 | AI54: =A54 -> 301-A
A55: 302 | B55: 221-9 | C55: Psicologia | E55: 2543 sln101 | F55: 2206 | G55: 2023 | H55: 2409 s207 | I55: 2409 s207 | K55: 1602 | N55: 2023 | O55: 2023 | Q55: 1602 | R55: A257 | S55: A257 | T55: A158 | U55: A158 | W55: 2206 | Z55: S 207 | AA55: S 207 | AC55: 1567 S 219 | AD55: 1602 | AE55: A257 | AF55: 2206 | AG55: 2206 | AI55: =A55 -> 302
A56: 303 | B56: 521-9 | C56: FINANZAS | G56: 1228 CC | H56: 1228 CC | I56: 1357 | K56: 1357 | L56: A228 | M56: 2040 | N56: 2040 | Q56: A114 | T56: A97 | W56: 1567 | X56: 1246 | Y56: 2040 | Z56: A228 | AA56: A228 | AC56: A114 | AF56: A97 | AG56: A97 | AI56: =A56 -> 303
A57: 304 | B57: 1131-14 | C57: Electro | G57: 2095 | H57: 2095 | I57: 1534 | J57: 1534 | N57: 2451 s309A | O57: 2451 s309A | P57: A105 | S57: 1534 | T57: A105 | U57: A105 | V57: A105 | Y57: 1246 | Z57: 2451 s309A | AA57: 2451 s309A | AB57: 1534 | AE57: 1534 | AF57: 2095 | AG57: 2095 | AI57: =A57 -> 304
A58: 305 | B58: 221-9 | C58: Negocios | F58: 1228 CC | G58: A68 | H58: A68 | I58: 2023 | K58: 2023 | N58: 2472 | O58: 2472 | Q58: 992 | R58: 992 | S58: A68 | T58: A68 | U58: A96 | W58: 992 | X58: A200 | Y58: A200 | Z58: 2472 | AA58: 2472 | AC58: 1567 | AD58: A96 | AE58: A96 | AF58: 1228 CC | AG58: 1228 CC | AI58: =A58 -> 305
A59: 306 | D59: 11AN | N59: 2476 | O59: 2476 | Z59: 2476 | AA59: 2476 | AI59: =A59 -> 306
A60: 307 | B60: 231-14 | C60: Industrial | G60: 1153 | H60: 765 | I60: 765 | M60: 1153 | N60: 1579 | O60: 765 | S60: 1246 | T60: 1153 | U60: 1579 | Y60: 1153 | Z60: A182 CC | AA60: A182 CC | AE60: 1153 | AF60: 765 | AG60: 1579 | AI60: =A60 -> 307
A61: 308 | B61: 831-14 | C61: Civil | E61: 1602 | F61: 1602 | H61: S 001 | I61: 2401 | J61: A136 | N61: A43 | O61: 1384 | P61: A136 | V61: A136 | Y61: 1602 | Z61: A43 | AA61: A43 | AB61: 2401 | AH61: 1384 | AI61: =A61 -> 308
A62: 309 | B62: 731-13 | C62: Industrial | H62: 2525 | I62: S. 313 | J62: S 313 | N62: S. 313 | O62: S 313 | P62: S. 313 | V62: S. 313 | Z62: S 313 | AA62: 2525 | AB62: 2525 | AH62: 2525 | AI62: =A62 -> 309
A63: 309-A | B63: 531-14 | C63: Psicologia | D63: 2AN | H63: A121 | I63: 2372 | J63: 2372 | N63: 2451 | O63: 2451 | P63: A257 | T63: A121 | U63: A121 | V63: 2372 | Z63: 2451 | AA63: 2451 | AB63: 1836 sl02 | AF63: A257 | AG63: A257 | AH63: A121 | AI63: =A63 -> 309-A
A64: 310 | AI64: =A64 -> 310
A65: 311 | B65: 431-13/531-14 | C65: Mecatronica | H65: 1602 | I65: A242 | J65: A242 | P65: A235 | T65: 1602 | U65: A235 | V65: A235 | AB65: A242 | AF65: 2387 | AG65: 2387 | AH65: 1567 S 001 | AI65: =A65 -> 311
A66: 312 | B66: 231-14 | C66: Mecatronica | F66: 2095 | G66: 2387 CC | H66: 2387 CC | L66: 2387 CC | M66: 1865 | N66: 2453 | R66: 2453 | S66: 2453 | T66: 1865 | X66: 2095 | Y66: 2095 | Z66: 2453 | AD66: 1567 | AE66: 2095 | AF66: 1865 | AI66: =A66 -> 312
A67: 313 | B67: 731-13/831-14 | C67: Industrial | D67: 5AN | H67: A103 | I67: 964 | J67: 2543 | N67: A225 | O67: A225 | P67: 964 | T67: A78 | U67: A78 | V67: A225 | Z67: 964 | AA67: A103 | AB67: A103 | AF67: A78 | AG67: A78 | AH67: A103 | AI67: =A67 -> 313
A68: 314 | B68: 1031-13/1131-14 | C68: Mecatronica | H68: 2453 | I68: 2101 | J68: 2101 | P68: 1602 | T68: 2453 | U68: 1534 | V68: 1534 | AB68: 2101 | AF68: 1602 | AG68: 1602 | AH68: 2163 S 101 | AI68: =A68 -> 314
A69: 315 | B69: 531-14 | C69: Industrial | H69: 2390 | I69: 1579 | J69: 1579 | P69: 1579 | S69: 1567 | T69: A182 | U69: 2390 | V69: 1579 | AB69: A182 | AF69: 2390 | AG69: A182 | AH69: 1567 S 001 | AI69: =A69 -> 315
A70: 316 | B70: 231-14 | C70: FINANZAS | H70: A96 | I70: 1990 | J70: 2448 | N70: S 009 | O70: 1990 | P70: 2448 | T70: S 009 | U70: 1990 | V70: 2448 | Z70: S 009 | AA70: S 009 | AB70: A228 | AF70: A99 S009 | AG70: A228 | AH70: 1836 211 | AI70: =A70 -> 316
A319: ='concentrado nocturno'!A46 -> 216

Sheet FECHAS
D8: 46083 | G8: SEM 9 LIC | J8: =+TODAY() -> 46085
D9: 46084
D10: 46085
D11: 46086
D12: 46087
D13: 46088

Sheet bitacora SABADO
A1: Registro diario de incidencias
A2: Periodo ENERO -ABRIL 2026
A3: MATUTINO | C3: =FECHAS!D13 -> 46088 | G3: =FECHAS!G8 -> SEM 9 LIC
A4: SALON | B4: Gpo. | C4: Licenciatura | D4: 0.29166667 | E4: 0.32638889 | F4: 0.36111111 | G4: 0.39583333 | H4: 0.44444444
A6: 2 | B6: 231-14 | C6: ING. INDUSTRIAL | D6: A182 | E6: A182 | F6: 1579 | G6: 1579
A7: 3 | B7: 701-13/801-14 | C7: ING. ELECTRO | E7: A232 | F7: 2179 | G7: 2179 | H7: 2179
A8: 4 | B8: 201-14 | C8: ING. ELECTRO | D8: 1534 | E8: 1534 | F8: 2310 | G8: 2310 | H8: 2310
A9: CC
A10: 5 | B10: 331-13/431-14 | C10: ING. INDUSTRIAL | D10: 765 | E10: 1579 | F10: A95
A11: 7
A12: 8 | B12: 201-14 | C12: NEGOCIOS | D12: 2182 | E12: 2182 | F12: 2182
A13: 9 | B13: 301-13/401-14 | C13: ING. INDUSTRIAL | D13: A79 | E13: A79 | F13: A79
A14: 101
A15: 102 | B15: 201-14 | C15: ING. CIVIL | D15: 2338 | E15: 245 | F15: 2338 | G15: 848 | H15: 848
A16: 103 | B16: 231-14 | C16: ING. CIVIL | D16: 245 | E16: 848 | F16: 848 | G16: 1502 | H16: 1502
A17: 104 | B17: 231-14 | C17: MECATRONICA | D17: 2154 | E17: 2154 | F17: 2154
A18: 201
A19: 212
A23: Observaciones:

Sheet Hoja5
